epoch_idx	precision@5	recall@5	ndcg@5	precision@10	recall@10	ndcg@10
10.0	0.2487695813179016	0.05546984076499939	0.2601755423644298	0.22192394733428955	0.09737807512283325	0.2444178856911699
